<block>
  <name>Afsk1200</name>
  <key>afsk_afsk1200</key>
  <category>AX.25</category>
  <import>import afsk</import>
  <make>afsk.afsk1200($sample_rate,$debug_level)</make>
  <param>
    <name>Sample_rate</name>
    <key>sample_rate</key>
    <type>int</type>
  </param>
  <param>
    <name>Debuglevel</name>
    <key>debug_level</key>
    <value>4</value>
    <type>int</type>
  </param>
  <sink>
    <name>in</name>
    <type>float</type>
  </sink>
  <source>
   <name>out</name>
   <type>byte</type>
  </source>
</block>
