<block>
  <name>AX25decode</name>
  <key>afsk_ax25decode</key>
  <category>AX.25</category>
  <import>import afsk</import>
  <make>afsk.ax25decode($sample_rate, $debug_level)</make>
  <param>
    <name>Sample_rate</name>
    <key>sample_rate</key>
    <type>int</type>
  </param>
  <param>
    <name>Debug_level</name>
    <key>debug_level</key>
    <value>4</value>
    <type>int</type>
  </param>
  <sink>
    <name>in</name>
    <type>float</type>
  </sink>
  <source>
   <name>out</name>
   <type>byte</type>
  </source>
</block>
