<?xml version="1.0"?>
<!--
###################################################
## Tags Strobe
###################################################
 -->
<block>
  <name>Tags Strobe</name>
  <key>blocks_tags_strobe</key>
  <import>from gnuradio import blocks</import>
  <import>import pmt</import>
  <make>blocks.tags_strobe($type.size*$vlen, $value, $nsamps, $key)</make>
  <callback>set_value($value)</callback>
  <callback>set_key($key)</callback>
  <callback>set_nsamps($nsamps)</callback>
  <param>
    <name>Output Type</name>
    <key>type</key>
    <type>enum</type>
    <option>
      <name>Complex</name>
      <key>complex</key>
      <opt>size:gr.sizeof_gr_complex</opt>
    </option>
    <option>
      <name>Float</name>
      <key>float</key>
      <opt>size:gr.sizeof_float</opt>
    </option>
    <option>
      <name>Int</name>
      <key>int</key>
      <opt>size:gr.sizeof_int</opt>
    </option>
    <option>
      <name>Short</name>
      <key>short</key>
      <opt>size:gr.sizeof_short</opt>
    </option>
    <option>
      <name>Byte</name>
      <key>byte</key>
      <opt>size:gr.sizeof_char</opt>
    </option>
  </param>
  <param>
    <name>Value (PMT)</name>
    <key>value</key>
    <value>pmt.intern("TEST")</value>
    <type>raw</type>
  </param>
  <param>
    <name>Key (PMT)</name>
    <key>key</key>
    <value>pmt.intern("strobe")</value>
    <type>raw</type>
  </param>
  <param>
    <name>Num. Samples</name>
    <key>nsamps</key>
    <value>1000</value>
    <type>int</type>
  </param>
  <param>
    <name>Vec Length</name>
    <key>vlen</key>
    <value>1</value>
    <type>int</type>
  </param>
  <check>$vlen &gt; 0</check>
  <source>
    <name>out</name>
    <type>$type</type>
    <vlen>$vlen</vlen>
  </source>
</block>
