<?xml version="1.0"?>
<!--
###################################################
##Integrate
###################################################
 -->
<block>
	<name>Integrate</name>
	<key>blocks_integrate_xx</key>
	<import>from gnuradio import blocks</import>
	<make>blocks.integrate_$(type.fcn)($decim, $vlen)</make>
	<param>
		<name>IO Type</name>
		<key>type</key>
		<type>enum</type>
		<option>
			<name>Complex</name>
			<key>complex</key>
			<opt>fcn:cc</opt>
		</option>
		<option>
			<name>Float</name>
			<key>float</key>
			<opt>fcn:ff</opt>
		</option>
		<option>
			<name>Int</name>
			<key>int</key>
			<opt>fcn:ii</opt>
		</option>
		<option>
			<name>Short</name>
			<key>short</key>
			<opt>fcn:ss</opt>
		</option>
	</param>
	<param>
		<name>Decimation</name>
		<key>decim</key>
		<type>int</type>
	</param>
	<param>
		<name>Vec Length</name>
		<key>vlen</key>
		<value>1</value>
		<type>int</type>
	</param>
	<sink>
		<name>in</name>
		<type>$type</type>
		<vlen>$vlen</vlen>
	</sink>
	<source>
		<name>out</name>
		<type>$type</type>
		<vlen>$vlen</vlen>
	</source>
</block>
