<?xml version="1.0"?>
<!--
###################################################
##Deinterleave
###################################################
 -->
<block>
  <name>Deinterleave</name>
  <key>blocks_deinterleave</key>
  <import>from gnuradio import blocks</import>
  <make>blocks.deinterleave($type.size*$vlen, $blocksize)</make>
  <param>
    <name>IO Type</name>
    <key>type</key>
    <type>enum</type>
    <option>
      <name>Complex</name>
      <key>complex</key>
      <opt>size:gr.sizeof_gr_complex</opt>
    </option>
    <option>
      <name>Float</name>
      <key>float</key>
      <opt>size:gr.sizeof_float</opt>
    </option>
    <option>
      <name>Int</name>
      <key>int</key>
      <opt>size:gr.sizeof_int</opt>
    </option>
    <option>
      <name>Short</name>
      <key>short</key>
      <opt>size:gr.sizeof_short</opt>
    </option>
    <option>
      <name>Byte</name>
      <key>byte</key>
      <opt>size:gr.sizeof_char</opt>
    </option>
  </param>
  <param>
    <name>Num Streams</name>
    <key>num_streams</key>
    <value>2</value>
    <type>int</type>
  </param>
  <param>
    <name>Block Size</name>
    <key>blocksize</key>
    <value>1</value>
    <type>int</type>
    <hide>part</hide>
  </param>
  <param>
    <name>Vec Length</name>
    <key>vlen</key>
    <value>1</value>
    <type>int</type>
  </param>
  <check>$num_streams &gt; 0</check>
  <check>$vlen &gt;= 1</check>
  <sink>
    <name>in</name>
    <type>$type</type>
    <vlen>$vlen</vlen>
  </sink>
  <source>
    <name>out</name>
    <type>$type</type>
    <vlen>$vlen</vlen>
    <nports>$num_streams</nports>
  </source>
</block>
