<?xml version="1.0"?>
<!--
###################################################
##Copy
###################################################
 -->
<block>
  <name>Copy</name>
  <key>blocks_copy</key>
  <import>from gnuradio import blocks</import>
  <make>blocks.copy($type.size*$vlen)
self.$(id).set_enabled($enabled)</make>
  <callback>set_enabled($enabled)</callback>

  <param>
    <name>Type</name>
    <key>type</key>
    <type>enum</type>
    <option>
      <name>Complex</name>
      <key>complex</key>
      <opt>size:gr.sizeof_gr_complex</opt>
    </option>
    <option>
      <name>Float</name>
      <key>float</key>
      <opt>size:gr.sizeof_float</opt>
    </option>
    <option>
      <name>Int</name>
      <key>int</key>
      <opt>size:gr.sizeof_int</opt>
    </option>
    <option>
      <name>Short</name>
      <key>short</key>
      <opt>size:gr.sizeof_short</opt>
    </option>
    <option>
      <name>Byte</name>
      <key>byte</key>
      <opt>size:gr.sizeof_char</opt>
    </option>
  </param>

  <param>
    <name>Enabled</name>
    <key>enabled</key>
    <value>True</value>
    <type>bool</type>
    <option>
      <name>Enabled</name>
      <key>True</key>
    </option>
    <option>
      <name>Disabled</name>
      <key>False</key>
    </option>
  </param>

  <param>
    <name>Vec Length</name>
    <key>vlen</key>
    <value>1</value>
    <type>int</type>
  </param>

  <param>
    <name>Show Msg Ports</name>
    <key>showports</key>
    <value>True</value>
    <type>enum</type>
    <hide>part</hide>
    <option>
      <name>Yes</name>
      <key>False</key>
    </option>
    <option>
      <name>No</name>
      <key>True</key>
    </option>
  </param>

  <check>$vlen &gt; 0</check>

  <sink>
    <name>in</name>
    <type>$type</type>
    <vlen>$vlen</vlen>
  </sink>

  <sink>
    <name>en</name>
    <type>message</type>
    <optional>1</optional>
    <hide>$showports</hide>
  </sink>

  <source>
    <name>out</name>
    <type>$type</type>
    <vlen>$vlen</vlen>
  </source>
</block>
