<?xml version="1.0"?>
<!--
###################################################
##Min:
##	1 output, 2 to inf inputs
###################################################
 -->
<block>
	<name>Min</name>
	<key>blocks_min_xx</key>
	<import>from gnuradio import blocks</import>
	<make>blocks.min_$(type.fcn)($vlen,$vlen_out)</make>
	<param>
		<name>IO Type</name>
		<key>type</key>
		<type>enum</type>
		<option>
			<name>Float</name>
			<key>float</key>
			<opt>fcn:ff</opt>
		</option>
		<option>
			<name>Int</name>
			<key>int</key>
			<opt>fcn:ii</opt>
		</option>
		<option>
			<name>Short</name>
			<key>short</key>
			<opt>fcn:ss</opt>
		</option>
	</param>
	<param>
		<name>Num Inputs</name>
		<key>num_inputs</key>
		<value>1</value>
		<type>int</type>
	</param>
	<param>
		<name>Input Vec Length</name>
		<key>vlen</key>
		<value>1</value>
		<type>int</type>
	</param>
	<param>
		<name>Output Vec Length</name>
		<key>vlen_out</key>
		<value>1</value>
		<type>int</type>
	</param>
	<check>$num_inputs &gt;= 1</check>
	<check>$vlen &gt;= 1</check>
	<sink>
		<name>in</name>
		<type>$type</type>
		<vlen>$vlen</vlen>
		<nports>$num_inputs</nports>
	</sink>
	<source>
		<name>out</name>
		<type>$type</type>
		<vlen>$vlen_out</vlen>
	</source>
</block>
