<?xml version="1.0"?>
<!--
###################################################
##Probe Rate
###################################################
 -->
<block>
	<name>Probe Rate</name>
	<key>blocks_probe_rate</key>
	<import>from gnuradio import blocks</import>
	<make>blocks.probe_rate($type.size*$vlen, $mintime, $alpha)</make>
	<param>
		<name>Input Type</name>
		<key>type</key>
		<type>enum</type>
		<option>
			<name>Complex</name>
			<key>complex</key>
			<opt>size:gr.sizeof_gr_complex</opt>
		</option>
		<option>
			<name>Float</name>
			<key>float</key>
			<opt>size:gr.sizeof_float</opt>
		</option>
		<option>
			<name>Int</name>
			<key>int</key>
			<opt>size:gr.sizeof_int</opt>
		</option>
		<option>
			<name>Short</name>
			<key>short</key>
			<opt>size:gr.sizeof_short</opt>
		</option>
		<option>
			<name>Byte</name>
			<key>byte</key>
			<opt>size:gr.sizeof_char</opt>
		</option>
	</param>
	<param>
		<name>Vec Length</name>
		<key>vlen</key>
		<value>1</value>
		<type>int</type>
	</param>
	<param>
		<name>Min Update Time (ms)</name>
		<key>mintime</key>
		<value>500.0</value>
		<type>real</type>
	</param>
	<param>
		<name>Update Alpha</name>
		<key>alpha</key>
		<value>0.15</value>
		<type>real</type>
	</param>
	<check>$vlen &gt;= 1</check>
	<sink>
		<name>in</name>
		<type>$type</type>
		<vlen>$vlen</vlen>
	</sink>
    <source>
        <name>rate</name>
        <type>message</type>
        <optional>1</optional>
    </source>
</block>
