<?xml version="1.0"?>

<!--
 Copyright 2012 Free Software Foundation, Inc.

 This file is part of GNU Radio

 GNU Radio is free software; you can redistribute it and/or modify
 it under the terms of the GNU General Public License as published by
 the Free Software Foundation; either version 3, or (at your option)
 any later version.

 GNU Radio is distributed in the hope that it will be useful,
 but WITHOUT ANY WARRANTY; without even the implied warranty of
 MERCHANTABILITY or FITNESS FOR A PARTICULAR PURPOSE.  See the
 GNU General Public License for more details.

 You should have received a copy of the GNU General Public License
 along with GNU Radio; see the file COPYING.  If not, write to
 the Free Software Foundation, Inc., 51 Franklin Street,
 Boston, MA 02110-1301, USA.
-->

<block>
  <name>Ctrlport Complex Probe</name>
  <key>blocks_ctrlport_probe_c</key>
  <import>from gnuradio import blocks</import>
  <make>blocks.ctrlport_probe_c($name, $desc)</make>

  <param>
    <name>Name</name>
    <key>name</key>
    <value>constellation</value>
    <type>string</type>
  </param>

  <param>
    <name>Description</name>
    <key>desc</key>
    <value>Constellation Points</value>
    <type>string</type>
  </param>


  <sink>
    <name>in</name>
    <type>complex</type>
  </sink>

  <doc>
    Place this in a graph to export complex values to a GRCP port probe.
  </doc>

</block>

