<?xml version="1.0"?>
<block>
	<name>Stream to Tagged Stream</name>
	<key>blocks_stream_to_tagged_stream</key>
	<import>from gnuradio import blocks</import>
	<make>blocks.stream_to_tagged_stream($type.size, $vlen, $packet_len, $len_tag_key)</make>
	<callback>set_packet_len($packet_len)</callback>
	<callback>set_packet_len_pmt($packet_len)</callback>
	<param>
		<name>Type</name>
		<key>type</key>
		<type>enum</type>
		<option>
			<name>Complex</name>
			<key>complex</key>
			<opt>size:gr.sizeof_gr_complex</opt>
		</option>
		<option>
			<name>Float</name>
			<key>float</key>
			<opt>size:gr.sizeof_float</opt>
		</option>
		<option>
			<name>Int</name>
			<key>int</key>
			<opt>size:gr.sizeof_int</opt>
		</option>
		<option>
			<name>Short</name>
			<key>short</key>
			<opt>size:gr.sizeof_short</opt>
		</option>
		<option>
			<name>Byte</name>
			<key>byte</key>
			<opt>size:gr.sizeof_char</opt>
		</option>
	</param>
	<param>
		<name>Vector Length</name>
		<key>vlen</key>
		<value>1</value>
		<type>int</type>
	</param>
	<param>
		<name>Packet Length</name>
		<key>packet_len</key>
		<type>int</type>
	</param>
	<param>
		<name>Length Tag Key</name>
		<key>len_tag_key</key>
		<value>"packet_len"</value>
		<type>string</type>
	</param>
	<sink>
		<name>in</name>
		<type>$type</type>
		<vlen>$vlen</vlen>
	</sink>
	<source>
		<name>out</name>
		<type>$type</type>
		<vlen>$vlen</vlen>
	</source>
</block>
