<?xml version="1.0"?>
<!--
###################################################
##Message Burst Source (the sink port is a message)
###################################################
 -->
<block>
	<name>Message Burst Source</name>
	<key>blocks_message_burst_source</key>
        <category>[Core]/Deprecated</category>
	<import>from gnuradio import blocks</import>
	<make>blocks.message_burst_source($type.size*$vlen, $(id)_msgq_in)</make>
	<param>
		<name>Output Type</name>
		<key>type</key>
		<type>enum</type>
		<option>
			<name>Complex</name>
			<key>complex</key>
			<opt>size:gr.sizeof_gr_complex</opt>
		</option>
		<option>
			<name>Float</name>
			<key>float</key>
			<opt>size:gr.sizeof_float</opt>
		</option>
		<option>
			<name>Int</name>
			<key>int</key>
			<opt>size:gr.sizeof_int</opt>
		</option>
		<option>
			<name>Short</name>
			<key>short</key>
			<opt>size:gr.sizeof_short</opt>
		</option>
		<option>
			<name>Byte</name>
			<key>byte</key>
			<opt>size:gr.sizeof_char</opt>
		</option>
	</param>
	<param>
		<name>Vec Length</name>
		<key>vlen</key>
		<value>1</value>
		<type>int</type>
	</param>
	<check>$vlen &gt; 0</check>
	<sink>
		<name>in</name>
		<type>msg</type>
	</sink>
	<source>
		<name>out</name>
		<type>$type</type>
		<vlen>$vlen</vlen>
	</source>
</block>
