<?xml version="1.0"?>
<!--
###################################################
##Complex to Interleaved Short:
###################################################
 -->
<block>
	<name>Complex To IShort</name>
	<key>blocks_complex_to_interleaved_short</key>
	<import>from gnuradio import blocks</import>
	<make>blocks.complex_to_interleaved_short($vector_output)</make>
    <param>
        <name>Vector Output</name>
        <key>vector_output</key>
        <value>False</value>
        <type>enum</type>
        <option>
            <name>No</name>
            <key>False</key>
            <opt>vlen:1</opt>
        </option>
        <option>
            <name>Yes</name>
            <key>True</key>
            <opt>vlen:2</opt>
        </option>
    </param>
	<sink>
		<name>in</name>
		<type>complex</type>
	</sink>
	<source>
		<name>out</name>
		<type>short</type>
        <vlen>$vector_output.vlen</vlen>
	</source>
</block>
