<?xml version="1.0"?>
<!--
###################################################
##File Source
###################################################
 -->
<block>
	<name>File Meta Source</name>
	<key>blocks_file_meta_source</key>
	<import>from gnuradio import gr, blocks</import>
	<make>blocks.file_meta_source($file, $repeat, $detached, $hdr_file)</make>
	<callback>open($file, $repeat)</callback>
	<param>
		<name>Output Type</name>
		<key>type</key>
		<type>enum</type>
		<option>
			<name>Complex</name>
			<key>complex</key>
			<opt>size:gr.sizeof_gr_complex</opt>
		</option>
		<option>
			<name>Float</name>
			<key>float</key>
			<opt>size:gr.sizeof_float</opt>
		</option>
		<option>
			<name>Int</name>
			<key>int</key>
			<opt>size:gr.sizeof_int</opt>
		</option>
		<option>
			<name>Short</name>
			<key>short</key>
			<opt>size:gr.sizeof_short</opt>
		</option>
		<option>
			<name>Byte</name>
			<key>byte</key>
			<opt>size:gr.sizeof_char</opt>
		</option>
	</param>
	<param>
		<name>File</name>
		<key>file</key>
		<value></value>
		<type>file_open</type>
	</param>
	<param>
		<name>Repeat</name>
		<key>repeat</key>
		<value>True</value>
		<type>enum</type>
		<option>
			<name>Yes</name>
			<key>True</key>
		</option>
		<option>
			<name>No</name>
			<key>False</key>
		</option>
	</param>
	<param>
		<name>Detached Header</name>
		<key>detached</key>
		<value>False</value>
		<type>enum</type>
		<option>
			<name>Yes</name>
			<key>True</key>
		</option>
		<option>
			<name>No</name>
			<key>False</key>
		</option>
	</param>
	<param>
		<name>Header File</name>
		<key>hdr_file</key>
		<value></value>
		<type>file_open</type>
	</param>
	<param>
		<name>Vec Length</name>
		<key>vlen</key>
		<value>1</value>
		<type>int</type>
	</param>
	<source>
		<name>out</name>
		<type>$type</type>
		<vlen>$vlen</vlen>
	</source>
</block>
