<?xml version="1.0"?>
<!--
###################################################
##Vector sink
###################################################
 -->
<block>
	<name>Vector Sink</name>
	<key>blocks_vector_sink_x</key>
	<import>from gnuradio import blocks</import>
	<make>blocks.vector_sink_$(type.fcn)($vlen, $reserve_items)</make>
	<param>
		<name>Input Type</name>
		<key>type</key>
		<type>enum</type>
		<option>
			<name>Complex</name>
			<key>complex</key>
			<opt>fcn:c</opt>
		</option>
		<option>
			<name>Float</name>
			<key>float</key>
			<opt>fcn:f</opt>
		</option>
		<option>
			<name>Int</name>
			<key>int</key>
			<opt>fcn:i</opt>
		</option>
		<option>
			<name>Short</name>
			<key>short</key>
			<opt>fcn:s</opt>
		</option>
		<option>
			<name>Byte</name>
			<key>byte</key>
			<opt>fcn:b</opt>
		</option>
	</param>
	<param>
		<name>Vec Length</name>
		<key>vlen</key>
		<value>1</value>
		<type>int</type>
	</param>
	<param>
		<name>Reserve memory for items</name>
		<key>reserve_items</key>
		<value>1024</value>
		<type>int</type>
		<hide>part</hide>
	</param>
	<check>$vlen &gt; 0</check>
	<sink>
		<name>in</name>
		<type>$type</type>
		<vlen>$vlen</vlen>
	</sink>
</block>
