<?xml version="1.0"?>
<!--
###################################################
##Logical And Block
###################################################
 -->
<block>
	<name>And</name>
	<key>blocks_and_xx</key>
	<import>from gnuradio import blocks</import>
	<make>blocks.and_$(type.fcn)()</make>
	<param>
		<name>IO Type</name>
		<key>type</key>
		<type>enum</type>
		<option>
			<name>Int</name>
			<key>int</key>
			<opt>fcn:ii</opt>
		</option>
		<option>
			<name>Short</name>
			<key>short</key>
			<opt>fcn:ss</opt>
		</option>
		<option>
			<name>Byte</name>
			<key>byte</key>
			<opt>fcn:bb</opt>
		</option>
	</param>
	<param>
		<name>Num Inputs</name>
		<key>num_inputs</key>
		<value>2</value>
		<type>int</type>
	</param>
	<check>$num_inputs &gt;= 2</check>
	<sink>
		<name>in</name>
		<type>$type</type>
		<nports>$num_inputs</nports>
	</sink>
	<source>
		<name>out</name>
		<type>$type</type>
	</source>
</block>
