<?xml version="1.0"?>
<!--
###################################################
## PDU Set
###################################################
 -->
<block>
	<name>PDU Set</name>
	<key>blocks_pdu_set</key>
	<import>from gnuradio import blocks</import>
	<import>import pmt</import>
	<make>blocks.pdu_set($k, $v)</make>
	<callback>set_key($k)</callback>
	<callback>set_val($v)</callback>
	<param>
		<name>Key</name>
		<key>k</key>
		<value>pmt.intern("key")</value>
		<type>raw</type>
	</param>
	<param>
		<name>Value</name>
		<key>v</key>
		<value>pmt.intern("value")</value>
		<type>raw</type>
	</param>
	<sink>
		<name>pdus</name>
		<type>message</type>
        <optional>1</optional>
	</sink>
	<source>
		<name>pdus</name>
		<type>message</type>
        <optional>1</optional>
	</source>
</block>
