<?xml version="1.0"?>
<!--
###################################################
## Tag Debug
###################################################
 -->
<block>
	<name>Tag Debug</name>
	<key>blocks_tag_debug</key>
	<import>from gnuradio import blocks</import>
	<make>blocks.tag_debug($type.size*$vlen, $name, $filter); self.$(id).set_display($display)</make>
	<callback>set_display($display)</callback>
	<param>
		<name>Input Type</name>
		<key>type</key>
		<type>enum</type>
		<option>
			<name>Complex</name>
			<key>complex</key>
			<opt>size:gr.sizeof_gr_complex</opt>
		</option>
		<option>
			<name>Float</name>
			<key>float</key>
			<opt>size:gr.sizeof_float</opt>
		</option>
		<option>
			<name>Int</name>
			<key>int</key>
			<opt>size:gr.sizeof_int</opt>
		</option>
		<option>
			<name>Short</name>
			<key>short</key>
			<opt>size:gr.sizeof_short</opt>
		</option>
		<option>
			<name>Byte</name>
			<key>byte</key>
			<opt>size:gr.sizeof_char</opt>
		</option>
	</param>
	<param>
		<name>Name</name>
		<key>name</key>
		<type>string</type>
	</param>
	<param>
		<name>Key Filter</name>
		<key>filter</key>
                <value>""</value>
		<type>string</type>
	</param>
	<param>
		<name>Num Inputs</name>
		<key>num_inputs</key>
		<value>1</value>
		<type>int</type>
	</param>
	<param>
		<name>Vec Length</name>
		<key>vlen</key>
		<value>1</value>
		<type>int</type>
	</param>
	<param>
		<name>Display</name>
		<key>display</key>
		<value>True</value>
		<type>bool</type>
		<option>
			<name>On</name>
			<key>True</key>
		</option>
		<option>
			<name>Off</name>
			<key>False</key>
		</option>
	</param>
	<check>$num_inputs &gt;= 1</check>
	<check>$vlen &gt; 0</check>
	<sink>
		<name>in</name>
		<type>$type</type>
		<vlen>$vlen</vlen>
		<nports>$num_inputs</nports>
	</sink>
</block>
