<?xml version="1.0"?>
<!--
###################################################
##Vector Source
###################################################
 -->
<block>
	<name>Vector Source</name>
	<key>blocks_vector_source_x</key>
	<import>from gnuradio import blocks</import>
	<make>blocks.vector_source_$(type.fcn)($vector, $repeat, $vlen, $tags)</make>
	<callback>set_data($vector, $tags)</callback>
	<param>
		<name>Output Type</name>
		<key>type</key>
		<type>enum</type>
		<option>
			<name>Complex</name>
			<key>complex</key>
			<opt>fcn:c</opt>
			<opt>vec_type:complex_vector</opt>
		</option>
		<option>
			<name>Float</name>
			<key>float</key>
			<opt>fcn:f</opt>
			<opt>vec_type:real_vector</opt>
		</option>
		<option>
			<name>Int</name>
			<key>int</key>
			<opt>fcn:i</opt>
			<opt>vec_type:int_vector</opt>
		</option>
		<option>
			<name>Short</name>
			<key>short</key>
			<opt>fcn:s</opt>
			<opt>vec_type:int_vector</opt>
		</option>
		<option>
			<name>Byte</name>
			<key>byte</key>
			<opt>fcn:b</opt>
			<opt>vec_type:int_vector</opt>
		</option>
	</param>
	<param>
		<name>Vector</name>
		<key>vector</key>
		<value>(0, 0, 0)</value>
		<type>raw</type>
	</param>
	<param>
		<name>Tags</name>
		<key>tags</key>
		<value>[]</value>
		<type>raw</type>
	</param>
	<param>
		<name>Repeat</name>
		<key>repeat</key>
		<value>True</value>
		<type>enum</type>
		<option>
			<name>Yes</name>
			<key>True</key>
		</option>
		<option>
			<name>No</name>
			<key>False</key>
		</option>
	</param>
	<param>
		<name>Vec Length</name>
		<key>vlen</key>
		<value>1</value>
		<type>int</type>
	</param>
	<check>$vlen &gt; 0</check>
	<source>
		<name>out</name>
		<type>$type</type>
		<vlen>$vlen</vlen>
	</source>
</block>
