<?xml version="1.0"?>
<!--
###################################################
##Delay
###################################################
 -->
<block>
	<name>Delay</name>
	<key>blocks_delay</key>
	<import>from gnuradio import blocks</import>
	<make>blocks.delay($type.size*$vlen, $delay)</make>
	<callback>set_dly($delay)</callback>
	<param>
		<name>Type</name>
		<key>type</key>
		<type>enum</type>
		<option>
			<name>Complex</name>
			<key>complex</key>
			<opt>size:gr.sizeof_gr_complex</opt>
		</option>
		<option>
			<name>Float</name>
			<key>float</key>
			<opt>size:gr.sizeof_float</opt>
		</option>
		<option>
			<name>Int</name>
			<key>int</key>
			<opt>size:gr.sizeof_int</opt>
		</option>
		<option>
			<name>Short</name>
			<key>short</key>
			<opt>size:gr.sizeof_short</opt>
		</option>
		<option>
			<name>Byte</name>
			<key>byte</key>
			<opt>size:gr.sizeof_char</opt>
		</option>
	</param>
	<param>
		<name>Delay</name>
		<key>delay</key>
		<value>0</value>
		<type>int</type>
	</param>
	<param>
		<name>Num Ports</name>
		<key>num_ports</key>
		<value>1</value>
		<type>int</type>
	</param>
	<param>
		<name>Vec Length</name>
		<key>vlen</key>
		<value>1</value>
		<type>int</type>
	</param>
	<check>$num_ports &gt; 0</check>
	<check>$vlen &gt; 0</check>
	<sink>
		<name>in</name>
		<type>$type</type>
		<vlen>$vlen</vlen>
		<nports>$num_ports</nports>
	</sink>
	<source>
		<name>out</name>
		<type>$type</type>
		<vlen>$vlen</vlen>
		<nports>$num_ports</nports>
	</source>
</block>
