<?xml version="1.0"?>
<!--
###################################################
##File Source
###################################################
 -->
<block>
	<name>File Descriptor Source</name>
	<key>blocks_file_descriptor_source</key>
	<import>from gnuradio import blocks</import>
	<make>blocks.file_descriptor_source($type.size*$vlen, $fd, $repeat)</make>
	<param>
		<name>File Descriptor</name>
		<key>fd</key>
		<type>int</type>
	</param>
	<param>
		<name>Output Type</name>
		<key>type</key>
		<type>enum</type>
		<option>
			<name>Complex</name>
			<key>complex</key>
			<opt>size:gr.sizeof_gr_complex</opt>
		</option>
		<option>
			<name>Float</name>
			<key>float</key>
			<opt>size:gr.sizeof_float</opt>
		</option>
		<option>
			<name>Int</name>
			<key>int</key>
			<opt>size:gr.sizeof_int</opt>
		</option>
		<option>
			<name>Short</name>
			<key>short</key>
			<opt>size:gr.sizeof_short</opt>
		</option>
		<option>
			<name>Byte</name>
			<key>byte</key>
			<opt>size:gr.sizeof_char</opt>
		</option>
	</param>
	<param>
		<name>Repeat</name>
		<key>repeat</key>
		<value>True</value>
		<type>enum</type>
		<option>
			<name>Yes</name>
			<key>True</key>
		</option>
		<option>
			<name>No</name>
			<key>False</key>
		</option>
	</param>
	<param>
		<name>Vec Length</name>
		<key>vlen</key>
		<value>1</value>
		<type>int</type>
	</param>
	<check>$vlen &gt; 0</check>
	<source>
		<name>out</name>
		<type>$type</type>
		<vlen>$vlen</vlen>
	</source>
</block>
