<?xml version="1.0"?>
<block>
  <name>Burst Feedforward QPSK Symbol Synchronizer (v4)</name>
  <key>burst_synchronizer_v4</key>
  <category>burst</category>
  <import>import burst</import>
  <make>burst.synchronizer_v4($fs, $sps, $preamble_bits, $sym_mapping)</make>

  <param>
    <name>Samples per Symbol</name>
    <key>sps</key>
    <value>2</value>
    <type>int</type>
  </param>

  <param>
    <name>Sample Rate</name>
    <key>fs</key>
    <value>100000</value>
    <type>float</type>
  </param>

  <param>
    <name>Preamble Bits</name>
    <key>preamble_bits</key>
    <value>[0, 1, 0, 0, 1, 0, 1, 1, 1, 1, 0, 1, 0, 1, 1, 0, 0, 1, 1, 1, 1, 1, 1, 0, 0, 0, 0, 0, 1, 0, 0, 1, 1, 0, 0, 1, 1, 0, 0, 1, 1, 0, 1, 1, 0, 0, 1, 0, 0, 0, 0, 0, 1, 0, 0, 1, 0, 1, 1, 1, 1, 1, 0, 1, 0, 0, 1, 1, 1, 1, 0, 0, 1, 1, 0, 0, 0, 0, 0, 0, 1, 1, 1, 1, 1, 1, 0, 1, 0, 1, 0, 1, 1, 0, 0, 0]</value>
    <type>int_vector</type>
  </param>
  
  <param>
    <name>Symbol Values</name>
    <key>sym_mapping</key>
    <value>[0,1,3,2]</value>
    <type>int_vector</type>
  </param>

  <sink>
    <name>cpdus</name>
    <type>message</type>
    <optional>1</optional>
  </sink>

  <source>
    <name>cpdus</name>
    <type>message</type>
    <optional>1</optional>
  </source>
  
  <source>
    <name>debug_post_cfo</name>
    <type>message</type>
    <optional>1</optional>
  </source>

  <source>
    <name>debug_pre_xcorr</name>
    <type>message</type>
    <optional>1</optional>
  </source>
</block>
