<?xml version="1.0"?>
<block>
  <name>vector_insert2</name>
  <key>cdma_vector_insert2</key>
  <category>cdma</category>
  <import>import cdma</import>
  <make>cdma.vector_insert2($data, $periodicity, $offset)</make>
  <!-- Make one 'param' node for every Parameter you want settable from the GUI.
       Sub-nodes:
       * name
       * key (makes the value accessible as $keyname, e.g. in the make node)
       * type -->
  <param>
    <name>data</name>
    <key>data</key>
    <type>complex_vector</type>
  </param>
  <param>
    <name>periodicity</name>
    <key>periodicity</key>
    <type>int</type>
  </param>
  <param>
    <name>offset</name>
    <key>offset</key>
    <type>int</type>
  </param>

  <!-- Make one 'sink' node per input. Sub-nodes:
       * name (an identifier for the GUI)
       * type
       * vlen
       * optional (set to 1 for optional inputs) -->
  <sink>
    <name>in</name>
    <type>complex</type>
  </sink>

  <!-- Make one 'source' node per output. Sub-nodes:
       * name (an identifier for the GUI)
       * type
       * vlen
       * optional (set to 1 for optional inputs) -->
  <source>
    <name>out</name>
    <type>complex</type>
  </source>
  <doc>
Insert a specified (complex) vector periodically in the (complex) input stream.

For example, with data=(x,y), periodicity=3, and offset=1, the input and output streams will look like 
input:  abcdefghijk... 
output: axybcdxyefgxyhijxyk...

Args:
data: the vector to be inserted.
input period: the period of the input stream.  
input offset: the offset within the input stream that the vector will be inserted. Takes values in {0,...,periodicity}.


  </doc>
</block>
