<?xml version="1.0"?>
<block>
  <name>switched_peak_detector_fb</name>
  <key>cdma_switched_peak_detector_fb</key>
  <category>cdma</category>
  <import>import cdma</import>
  <make>cdma.switched_peak_detector_fb($threshold_factor_rise, $threshold_factor_fall, $look_ahead, $alpha, $on)</make>
  <callback>set_threshold_factor_rise($threshold_factor_rise)</callback>
  <callback>set_threshold_factor_fall($threshold_factor_fall)</callback>
  <callback>set_look_ahead($look_ahead)</callback>
  <callback>set_alpha($alpha)</callback>
  <callback>set_on($on)</callback>

  <!-- Make one 'param' node for every Parameter you want settable from the GUI.
       Sub-nodes:
       * name
       * key (makes the value accessible as $keyname, e.g. in the make node)
       * type -->
  <param>
    <name>TH Factor Rise</name>
    <key>threshold_factor_rise</key>
    <value>0.25</value>
    <type>real</type>
  </param>
  <param>
    <name>TH Factor Fall</name>
    <key>threshold_factor_fall</key>
    <value>0.40</value>
    <type>real</type>
  </param>
  <param>
    <name>Look Ahead</name>
    <key>look_ahead</key>
    <value>10</value>
    <type>int</type>
  </param>
  <param>
    <name>Alpha</name>
    <key>alpha</key>
    <value>0.001</value>
    <type>real</type>
  </param>
  <param>
    <name>On</name>
    <key>on</key>
    <value>1</value>
    <type>int</type>
  </param>


  <!-- Make one 'sink' node per input. Sub-nodes:
       * name (an identifier for the GUI)
       * type
       * vlen
       * optional (set to 1 for optional inputs) -->
  <sink>
    <name>in</name>
    <type>float</type>
  </sink>

  <!-- Make one 'source' node per output. Sub-nodes:
       * name (an identifier for the GUI)
       * type
       * vlen
       * optional (set to 1 for optional inputs) -->
  <source>
    <name>out</name>
    <type>byte</type>
  </source>
</block>
