<block>
  <name>Packet Error Calculator</name>
  <key>cdma_pac_err_cal</key>
  <category>cdma</category>
  <import>import cdma</import>
  <make>cdma.pac_err_cal($winsize, $cycsize, $pkt_num_tag)</make>
  <callback>set_winsize($winsize)</callback>
  <callback>set_cycsize($cycsize)</callback>
  <callback>set_pkt_num_tag($pkt_num_tag)</callback>

  <param>
    <name>packet number tag</name>
    <key>pkt_num_tag</key>
    <type>string</type>
  </param>
  <param>
    <name>window size</name>
    <key>winsize</key>
    <type>int</type>
  </param>
  <param>
    <name>cycle size</name>
    <key>cycsize</key>
    <type>int</type>
  </param>

  <sink>
    <name>print</name>
    <type>message</type>
    <optional>1</optional>
  </sink>
  <sink>
    <name>errCal</name>
    <type>message</type>
    <optional>1</optional>
  </sink>

  <doc>
    This is a message debug block with no outputs and two message-type inputs, corresponding to two event-driven functions (ie. being called when message arrives at the port). There are three parameters only used by the second function: 

    pkt_num_tag: the tag name for the packet index, ie. the "key" part in the dictionary pair (key, value) when extracting packet index. Eg.: cp.num_tag_name
    winsize: the length of the observation window, to be set manually. Eg.: 1024
    cycsize: the maximum index number + 1, to be determined by the header size. (eg. cycsize = 2^n if the head is of n bits). Eg.: 4096

    1) First function: print()
    Print out the message arriving at this port. 
    Method: Use pmt::print().

    2) Second function: errCal()
    Calculate the packet error rate for a certain observation window.
    Method: Use pmt::dict_ref() to extract the packet index number. In a certain window for every such index number, count and cumulate the number of packet errors and the number of packets sent. At the end of each window, take the ratio of these two values, displayed as E-Rate.

  </doc>
</block>
