<?xml version="1.0"?>

<!--
 Copyright 2012 Free Software Foundation, Inc.

 This file is part of GNU Radio

 GNU Radio is free software; you can redistribute it and/or modify
 it under the terms of the GNU General Public License as published by
 the Free Software Foundation; either version 3, or (at your option)
 any later version.

 GNU Radio is distributed in the hope that it will be useful,
 but WITHOUT ANY WARRANTY; without even the implied warranty of
 MERCHANTABILITY or FITNESS FOR A PARTICULAR PURPOSE.  See the
 GNU General Public License for more details.

 You should have received a copy of the GNU General Public License
 along with GNU Radio; see the file COPYING.  If not, write to
 the Free Software Foundation, Inc., 51 Franklin Street,
 Boston, MA 02110-1301, USA.
-->

<!--
###################################################
##Block Tree for GR Channel Model blocks.
###################################################
 -->
<cat>
  <name>[Core]</name>
  <cat>
    <name>Channel Models</name>
    <block>channels_channel_model</block>
    <block>channels_channel_model2</block>
    <block>channels_conj_fs_iqcorr</block>
    <block>channels_fading_model</block>
    <block>channels_dynamic_channel_model</block>
    <block>channels_selective_fading_model</block>
  </cat>
  <cat>
    <name>Impairment Models</name>
    <block>channels_impairments</block>
    <block>channels_quantizer</block>
    <block>channels_phase_noise_gen</block>
    <block>channels_iqbal_gen</block>
    <block>channels_distortion_2_gen</block>
    <block>channels_distortion_3_gen</block>
    <block>channels_amp_bal</block>
    <block>channels_phase_bal</block>
    <block>channels_cfo_model</block>
    <block>channels_sro_model</block>
  </cat>
</cat>

