<?xml version="1.0"?>
<block>
  <name>HDLC Deframer</name>
  <key>digital_hdlc_deframer_bp</key>
  <import>from gnuradio import digital</import>
  <make>digital.hdlc_deframer_bp($min, $max)</make>
  <param>
    <name>Min length</name>
    <key>min</key>
    <value>32</value>
    <type>int</type>
  </param>
  <param>
    <name>Max length</name>
    <key>max</key>
    <value>500</value>
    <type>int</type>
  </param>
  <sink>
    <name>in</name>
    <type>byte</type>
  </sink>
  <source>
    <name>out</name>
    <type>message</type>
  </source>
</block>
