<?xml version="1.0"?>
<block>
  <name>OFDM Serializer</name>
  <key>digital_ofdm_serializer_vcc</key>
  <import>from gnuradio import digital</import>
  <make>digital.ofdm_serializer_vcc($fft_len, $occupied_carriers, $len_tag_key, $packet_len_tag_key, $symbols_skipped, $carr_offset_key, $input_is_shifted)</make>
  <param>
    <name>FFT length</name>
    <key>fft_len</key>
    <value>fft_len</value>
    <type>int</type>
  </param>
  <param>
    <name>Occupied Carriers</name>
    <key>occupied_carriers</key>
    <type>raw</type>
  </param>
  <param>
    <name>Length Tag Key</name>
    <key>len_tag_key</key>
    <type>string</type>
  </param>
  <param>
    <name>Packet Length Tag Key</name>
    <key>packet_len_tag_key</key>
    <value>""</value>
    <type>string</type>
    <hide>#if $packet_len_tag_key then 'none' else 'part'#</hide>
  </param>
  <param>
    <name>Symbols skipped</name>
    <key>symbols_skipped</key>
    <value>0</value>
    <type>int</type>
    <hide>#if $symbols_skipped then 'none' else 'part'#</hide>
  </param>
  <param>
    <name>Carrier Offset Key</name>
    <key>carr_offset_key</key>
    <value>""</value>
    <type>string</type>
    <hide>#if $carr_offset_key then 'none' else 'part'#</hide>
  </param>
  <param>
    <name>Input is shifted</name>
    <key>input_is_shifted</key>
    <value>True</value>
    <type>bool</type>
    <hide>#if $input_is_shifted then 'part' else 'none'#</hide>
  </param>
  <sink>
    <name>in</name>
    <type>complex</type>
    <vlen>$fft_len</vlen>
  </sink>
  <source>
    <name>out</name>
    <type>complex</type>
  </source>
</block>
