<block>
  <name>Packet Header Generator (Default)</name>
  <key>digital_packet_headergenerator_bb_default</key>
  <import>from gnuradio import digital</import>
  <make>digital.packet_headergenerator_bb($header_len, $len_tag_key)</make>
  <param>
    <name>Header Length</name>
    <key>header_len</key>
    <type>int</type>
  </param>
  <param>
    <name>Length Tag Name</name>
    <key>len_tag_key</key>
    <value>"packet_len"</value>
    <type>string</type>
  </param>
  <sink>
    <name>in</name>
    <type>byte</type>
  </sink>
  <source>
    <name>out</name>
    <type>byte</type>
  </source>
</block>

