<?xml version="1.0"?>
<block>
  <name>Correlate and Sync</name>
  <key>digital_correlate_and_sync_cc</key>
  <category>[Core]/Deprecated</category>
  <import>from gnuradio import digital</import>
  <make>digital.correlate_and_sync_cc($symbols, $filter, $sps)</make>
  <param>
    <name>Symbols</name>
    <key>symbols</key>
    <value>[1,1,-1,-1,1,1,-1,-1,1,1,-1,-1,1,-1,1,-1]</value>
    <type>complex_vector</type>
  </param>
  <param>
    <name>Filter</name>
    <key>filter</key>
    <type>complex_vector</type>
  </param>
  <param>
    <name>Samples per Symbol</name>
    <key>sps</key>
    <value>4</value>
    <type>int</type>
  </param>
  <sink>
    <name>in</name>
    <type>complex</type>
  </sink>
  <source>
    <name>out</name>
    <type>complex</type>
  </source>
  <source>
    <name>corr</name>
    <type>complex</type>
  </source>
</block>
