<?xml version="1.0"?>
<!--
###################################################
##Clock Recovery MM
###################################################
 -->
<block>
    <name>Clock Recovery MM</name>
    <key>digital_clock_recovery_mm_xx</key>
    <import>from gnuradio import digital</import>
    <make>digital.clock_recovery_mm_$(type.fcn)($omega, $gain_omega, $mu, $gain_mu, $omega_relative_limit)</make>
    <callback>set_omega($omega)</callback>
    <callback>set_gain_omega($gain_omega)</callback>
    <callback>set_mu($mu)</callback>
    <callback>set_gain_mu($gain_mu)</callback>
    <param>
        <name>Type</name>
        <key>type</key>
        <type>enum</type>
        <option>
            <name>Complex</name>
            <key>complex</key>
            <opt>fcn:cc</opt>
        </option>
        <option>
            <name>Float</name>
            <key>float</key>
            <opt>fcn:ff</opt>
        </option>
    </param>
    <param>
        <name>Omega</name>
        <key>omega</key>
        <value>samp_per_sym*(1+0.0)</value>
        <type>real</type>
    </param>
    <param>
        <name>Gain Omega</name>
        <key>gain_omega</key>
        <value>0.25*0.175*0.175</value>
        <type>real</type>
    </param>
    <param>
        <name>Mu</name>
        <key>mu</key>
        <value>0.5</value>
        <type>real</type>
    </param>
    <param>
        <name>Gain Mu</name>
        <key>gain_mu</key>
        <value>0.175</value>
        <type>real</type>
    </param>
    <param>
        <name>Omega Relative Limit</name>
        <key>omega_relative_limit</key>
        <value>0.005</value>
        <type>real</type>
    </param>
    <sink>
        <name>in</name>
        <type>$type</type>
    </sink>
    <source>
        <name>out</name>
        <type>$type</type>
    </source>
</block>
