<?xml version="1.0"?>
<!--
###################################################
##QT GUI PNG Image Sink
###################################################
 -->
<block>
  <name>Text Sink</name>
  <key>show_text</key>
  <category>Instrumentation/QT</category>
  <import>from PyQt4 import Qt</import>
  <import>from gnuradio import qtgui</import>
  <import>import display</import>
  <import>import sip</import>
        <make>#set $win = 'self._%s_win'%$id
display.show_text()
self._$(id)_win = sip.wrapinstance(self.$(id).pyqwidget(), Qt.QWidget)
$(gui_hint()($win))</make>
    <param>
        <name>GUI Hint</name>
        <key>gui_hint</key>
        <value></value>
        <type>gui_hint</type>
        <hide>part</hide>
    </param>

  <sink>
    <name>in</name>
    <type>byte</type>
  </sink>
  <doc>
The GUI hint can be used to position the widget within the application. \
The hint is of the form [tab_id@tab_index]: [row, col, row_span, col_span]. \
Both the tab specification and the grid position are optional.
  </doc>
</block>
