<?xml version="1.0"?>
<!--
###################################################
## ATSC Reed-Solomom Encoder
###################################################
 -->
<block>
  <name>ATSC RS Encoder</name>
  <key>dtv_atsc_rs_encoder</key>
  <import>from gnuradio import dtv</import>
  <make>dtv.atsc_rs_encoder()</make>
  <sink>
    <name>in</name>
    <type>byte</type>
    <vlen>256</vlen>
  </sink>
  <source>
    <name>out</name>
    <type>byte</type>
    <vlen>256</vlen>
  </source>
</block>
