<?xml version="1.0"?>
<block>
  <name>Trigger Rising Edge Event</name>
  <key>es_trigger_edge_f</key>
  <category>EVENTSTREAM</category>
  <import>import es</import>
  <make>es.trigger_edge_f($thresh,$length,$lookback,$type.size,$guard)</make>
  
  <callback>self.$(id).set_thresh($thresh)</callback>

  <param>
    <name>Trigger Threshold</name>
    <key>thresh</key>
    <value>1.0</value>
    <type>real</type>
  </param>
  <param>
    <name>Event Length (samples)</name>
    <key>length</key>
    <value>100</value>
    <type>int</type>
  </param>
  <param>
    <name>Event Lookback (samples)</name>
    <key>lookback</key>
    <value>0</value>
    <type>int</type>
  </param>
  <param>
    <name>Minimum Trigger Distance (samples)</name>
    <key>guard</key>
    <value>300</value>
    <type>int</type>
  </param>

  <param>
      <name>Passthrough Data Type</name>
      <key>type</key>
      <type>enum</type>
      <option>
          <name>Complex</name>
          <key>complex</key>
          <opt>size:gr.sizeof_gr_complex</opt>
      </option>
      <option>
          <name>Float</name>
          <key>float</key>
          <opt>size:gr.sizeof_float</opt>
      </option>
      <option>
          <name>Int</name>
          <key>int</key>
          <opt>size:gr.sizeof_int</opt>
      </option>
      <option>
          <name>Short</name>
          <key>short</key>
          <opt>size:gr.sizeof_short</opt>
      </option>
      <option>
          <name>Byte</name>
          <key>byte</key>
          <opt>size:gr.sizeof_char</opt>
      </option>
  </param>

  <check>$lookback &gt;= 0</check>

  <sink>
    <name>thresh_input</name>
    <type>float</type>
  </sink>

  <sink>
    <name>passthru_in</name>
    <type>$type</type>
    <optional>1</optional>
  </sink>
  
  <source>
    <name>passthru_out</name>
    <type>$type</type>
    <optional>1</optional>
  </source>

  <source>
    <name>which_stream</name>
    <type>message</type>
    <optional>1</optional>
  </source>

  <source>
    <name>edge_event</name>
    <type>message</type>
    <optional>1</optional>
  </source>

</block>
