<?xml version="1.0"?>
<block>
  <name>Trigger System-Timer Event</name>
  <key>es_timer_trigger</key>
  <category>EVENTSTREAM</category>
  <import>import es</import>
  <make>#slurp
es.es_trigger_timer("TIMER_EXPIRED_EVENT", $length, $delay, $iterations); </make>
  
  <param>
    <name>Event Length</name>
    <key>length</key>
    <value>5000</value>
    <type>int</type>
  </param>
  
  <param>
    <name>Delay Seconds</name>
    <key>delay</key>
    <value>1.0</value>
    <type>real</type>
  </param>
  
  <param>
    <name>Num Iterations</name>
    <key>iterations</key>
    <value>-1</value>
    <type>int</type>
  </param>

  <source>
    <name>which_stream</name>
    <type>message</type>
    <optional>1</optional>
  </source>

  <source>
    <name>timer_event</name>
    <type>message</type>
    <optional>1</optional>
  </source>

  <doc>
    This block generates events on timer expiration
    
    delay - float, time in seconds

    iterations - number of iterations before stopping, -1 for infinite
  </doc>

</block>
