<?xml version="1.0"?>
<block>
  <name>FEC Extended Async Encoder</name>
  <key>fec_extended_async_encoder</key>
  <import>from gnuradio import fec</import>
  <make>fec.extended_async_encoder(encoder_obj_list=$encoder_list, puncpat=$puncpat)</make>

  <param>
    <name>Encoder Objects</name>
    <key>encoder_list</key>
    <value>encoder_variable</value>
    <type>raw</type>
  </param>

  <param>
    <name>Puncture Pattern</name>
    <key>puncpat</key>
    <value>'11'</value>
    <type>string</type>
  </param>

  <sink>
    <name>in</name>
    <type>message</type>
    <optional>1</optional>
  </sink>

  <source>
    <name>out</name>
    <type>message</type>
    <optional>1</optional>
  </source>

  <doc>

  </doc>

</block>
