<?xml version="1.0"?>

<!--
 Copyright 2012 Free Software Foundation, Inc.

 This file is part of GNU Radio

 GNU Radio is free software; you can redistribute it and/or modify
 it under the terms of the GNU General Public License as published by
 the Free Software Foundation; either version 3, or (at your option)
 any later version.

 GNU Radio is distributed in the hope that it will be useful,
 but WITHOUT ANY WARRANTY; without even the implied warranty of
 MERCHANTABILITY or FITNESS FOR A PARTICULAR PURPOSE.  See the
 GNU General Public License for more details.

 You should have received a copy of the GNU General Public License
 along with GNU Radio; see the file COPYING.  If not, write to
 the Free Software Foundation, Inc., 51 Franklin Street,
 Boston, MA 02110-1301, USA.
-->

<block>
  <name>Ctrlport Probe PSD</name>
  <key>fft_ctrlport_probe_psd</key>
  <import>from gnuradio import fft</import>
  <make>fft.ctrlport_probe_psd($name, $desc, $len)</make>
  <callback>set_length($len)</callback>

  <param>
    <name>Name</name>
    <key>name</key>
    <value>psd</value>
    <type>string</type>
  </param>

  <param>
    <name>Description</name>
    <key>desc</key>
    <value>PSD Plot</value>
    <type>string</type>
  </param>

  <param>
    <name>Length</name>
    <key>len</key>
    <value>1024</value>
    <type>int</type>
  </param>


  <sink>
    <name>in</name>
    <type>complex</type>
  </sink>

  <doc>
    Place this in a graph to export PSD values to a GRCP port probe.
  </doc>

</block>

