<?xml version="1.0"?>
<!--
###################################################
##Band Pass Filter: Custom wrapper
###################################################
 -->
<block>
	<name>Band Pass Filter</name>
	<key>band_pass_filter</key>
	<import>from gnuradio import filter</import>
	<import>from gnuradio.filter import firdes</import>
	<make>filter.$(type)(#if str($type).startswith('interp') then $interp else $decim#, firdes.$(type.fcn)(
	$gain, $samp_rate, $low_cutoff_freq, $high_cutoff_freq, $width, $win, $beta))</make>
	<callback>set_taps(firdes.$(type.fcn)($gain, $samp_rate, $low_cutoff_freq, $high_cutoff_freq, $width, $win, $beta))</callback>
	<param>
		<name>FIR Type</name>
		<key>type</key>
		<type>enum</type>
		<!-- Real Band Pass Taps -->
		<option>
			<name>Complex->Complex (Real Taps) (Decim)</name>
			<key>fir_filter_ccf</key>
			<opt>input:complex</opt>
			<opt>output:complex</opt>
			<opt>fcn:band_pass</opt>
		</option>
		<option>
			<name>Complex->Complex (Real Taps) (Interp)</name>
			<key>interp_fir_filter_ccf</key>
			<opt>input:complex</opt>
			<opt>output:complex</opt>
			<opt>fcn:band_pass</opt>
		</option>
		<option>
			<name>Float->Float (Real Taps) (Decim)</name>
			<key>fir_filter_fff</key>
			<opt>input:float</opt>
			<opt>output:float</opt>
			<opt>fcn:band_pass</opt>
		</option>
		<option>
			<name>Float->Float (Real Taps) (Interp)</name>
			<key>interp_fir_filter_fff</key>
			<opt>input:float</opt>
			<opt>output:float</opt>
			<opt>fcn:band_pass</opt>
		</option>
		<!-- Complex Band Pass Taps -->
		<option>
			<name>Complex->Complex (Complex Taps) (Decim)</name>
			<key>fir_filter_ccc</key>
			<opt>input:complex</opt>
			<opt>output:complex</opt>
			<opt>fcn:complex_band_pass</opt>
		</option>
		<option>
			<name>Complex->Complex (Complex Taps) (Interp)</name>
			<key>interp_fir_filter_ccc</key>
			<opt>input:complex</opt>
			<opt>output:complex</opt>
			<opt>fcn:complex_band_pass</opt>
		</option>
		<option>
			<name>Float->Complex (Complex Taps) (Decim)</name>
			<key>fir_filter_fcc</key>
			<opt>input:float</opt>
			<opt>output:complex</opt>
			<opt>fcn:complex_band_pass</opt>
		</option>
		<option>
			<name>Float->Complex (Complex Taps) (Interp)</name>
			<key>interp_fir_filter_fcc</key>
			<opt>input:float</opt>
			<opt>output:complex</opt>
			<opt>fcn:complex_band_pass</opt>
		</option>
	</param>
	<param>
		<name>Decimation</name>
		<key>decim</key>
		<value>1</value>
		<type>int</type>
		<hide>#if str($type).startswith('interp') then 'all' else 'none'#</hide>
	</param>
	<param>
		<name>Interpolation</name>
		<key>interp</key>
		<value>1</value>
		<type>int</type>
		<hide>#if str($type).startswith('interp') then 'none' else 'all'#</hide>
	</param>
	<param>
		<name>Gain</name>
		<key>gain</key>
		<value>1</value>
		<type>real</type>
	</param>
	<param>
		<name>Sample Rate</name>
		<key>samp_rate</key>
		<value>samp_rate</value>
		<type>real</type>
	</param>
	<param>
		<name>Low Cutoff Freq</name>
		<key>low_cutoff_freq</key>
		<type>real</type>
	</param>
	<param>
		<name>High Cutoff Freq</name>
		<key>high_cutoff_freq</key>
		<type>real</type>
	</param>
	<param>
		<name>Transition Width</name>
		<key>width</key>
		<type>real</type>
	</param>
	<param>
		<name>Window</name>
		<key>win</key>
		<value>firdes.WIN_HAMMING</value>
		<type>int</type>
		<option>
			<name>Hamming</name>
			<key>firdes.WIN_HAMMING</key>
		</option>
		<option>
			<name>Hann</name>
			<key>firdes.WIN_HANN</key>
		</option>
		<option>
			<name>Blackman</name>
			<key>firdes.WIN_BLACKMAN</key>
		</option>
		<option>
			<name>Rectangular</name>
			<key>firdes.WIN_RECTANGULAR</key>
		</option>
		<option>
			<name>Kaiser</name>
			<key>firdes.WIN_KAISER</key>
		</option>
	</param>
	<param>
		<name>Beta</name>
		<key>beta</key>
		<value>6.76</value>
		<type>real</type>
	</param>
	<sink>
		<name>in</name>
		<type>$type.input</type>
	</sink>
	<source>
		<name>out</name>
		<type>$type.output</type>
	</source>
	<doc>
This filter is a convenience wrapper for an fir filter and a firdes taps generating function.

Sample rate, cutoff frequency, and transition width are in Hertz.

The beta parameter only applies to the Kaiser window.
	</doc>
</block>
