<?xml version="1.0"?>
<!--
###################################################
##Polyphase Arbitrary Resampler
###################################################
 -->
<block>
	<name>Polyphase Arbitrary Resampler</name>
	<key>pfb_arb_resampler_xxx</key>
	<import>from gnuradio.filter import pfb</import>
	<import>from gnuradio.filter import firdes</import>
	<make>pfb.arb_resampler_$(type)(
	  $rrate,
#if $taps()
          taps=$taps,
#else
          taps=None,
#end if
	  flt_size=$nfilts)
self.$(id).declare_sample_delay($samp_delay)
	</make>
        <callback>set_taps($taps)</callback>
        <callback>set_rate($rrate)</callback>
	<param>
		<name>Type</name>
		<key>type</key>
		<type>enum</type>
		<option>
			<name>Complex->Complex (Real Taps)</name>
			<key>ccf</key>
			<opt>input:complex</opt>
			<opt>output:complex</opt>
			<opt>taps:real_vector</opt>
		</option>
		<option>
			<name>Float->Float (Real Taps)</name>
			<key>fff</key>
			<opt>input:float</opt>
			<opt>output:float</opt>
			<opt>taps:real_vector</opt>
		</option>
		<option>
			<name>Complex->Complex (Complex Taps)</name>
			<key>ccc</key>
			<opt>input:complex</opt>
			<opt>output:complex</opt>
			<opt>taps:complex_vector</opt>
		</option>
	</param>
	<param>
		<name>Resampling Rate</name>
		<key>rrate</key>
		<type>real</type>
	</param>
	<param>
		<name>Taps</name>
		<key>taps</key>
		<type>$type.taps</type>
	</param>
	<param>
		<name>Number of Filters</name>
		<key>nfilts</key>
		<value>32</value>
		<type>int</type>
	</param>
	<param>
		<name>Stop-band Attenuation</name>
		<key>atten</key>
		<value>100</value>
		<type>real</type>
	</param>
	<param>
		<name>Sample Delay</name>
		<key>samp_delay</key>
        <value>0</value>
		<type>int</type>
        <hide>part</hide>
	</param>
	<sink>
		<name>in</name>
		<type>$type.input</type>
	</sink>
	<source>
		<name>out</name>
		<type>$type.output</type>
	</source>
</block>
