<block>
  <name>Signal Detector</name>
  <key>inspector_signal_detector_cvf</key>
  <category>[Inspector]/Conditioning</category>
  <import>import inspector</import>
  <make>inspector.signal_detector_cvf($samp_rate, $fft_len, $window,
    $threshold, $sensitivity, $auto, $avg, $quant, $min_bw, $logfile)</make>
  <callback>set_fft_len($fft_len)</callback>
  <callback>set_window_type($window)</callback>
  <callback>set_samp_rate($samp_rate)</callback>
  <callback>set_threshold($threshold)</callback>
  <callback>set_sensitivity($sensitivity)</callback>
  <callback>set_auto_threshold($auto)</callback>
  <callback>set_average($avg)</callback>
  <callback>set_quantization($quant)</callback>
  <param>
    <name>Samp rate</name>
    <key>samp_rate</key>
    <type>real</type>
  </param>
  <param>
    <name>FFT length</name>
    <key>fft_len</key>
    <value> 1024</value>
    <type>int</type>
  </param>
  <param>
    <name>Window</name>
    <key>window</key>
    <value>firdes.WIN_BLACKMAN_hARRIS</value>
    <type>enum</type>
    <option>
      <name>Blackman-harris</name>
      <key>firdes.WIN_BLACKMAN_hARRIS</key>
    </option>
    <option>
      <name>Hamming</name>
      <key>firdes.WIN_HAMMING</key>
    </option>
    <option>
      <name>Hann</name>
      <key>firdes.WIN_HANN</key>
    </option>
    <option>
      <name>Blackman</name>
      <key>firdes.WIN_BLACKMAN</key>
    </option>
    <option>
      <name>Rectangular</name>
      <key>firdes.WIN_RECTANGULAR</key>
    </option>
    <option>
      <name>Kaiser</name>
      <key>firdes.WIN_KAISER</key>
    </option>
    <option>
      <name>Flat-top</name>
      <key>firdes.WIN_FLATTOP</key>
    </option>
  </param>
  <param>
    <name>Auto threshold</name>
    <key>auto</key>
    <value>True</value>
    <type>bool</type>
    <option>
      <name>On</name>
      <key>True</key>
    </option>
    <option>
      <name>Off</name>
      <key>False</key>
    </option>
  </param>
  <param>
    <name>Threshold (dB)</name>
    <key>threshold</key>
    <value> 0.7</value>
    <type>float</type>
    <hide>#if str($auto) == 'True' then 'all' else 'none'#</hide>
  </param>
  <param>
    <name>Sensitivity (0-1)</name>
    <key>sensitivity</key>
    <value> 0.2</value>
    <type>float</type>
    <hide>#if str($auto) == 'True' then 'none' else 'all'#</hide>
  </param>
  <param>
    <name>Average IIR alpha</name>
    <key>avg</key>
    <value>0.8</value>
    <type>real</type>
  </param>
  <param>
    <name>Rel. quantization</name>
    <key>quant</key>
    <value>0.0001</value>
    <type>real</type>
    <hide>part</hide>
  </param>
  <param>
    <name>Min Sig BW</name>
    <key>min_bw</key>
    <value>0</value>
    <type>real</type>
    <hide>part</hide>
  </param>
  <param>
    <name>Logfile</name>
    <key>logfile</key>
    <value></value>
    <type>file_save</type>
    <hide>part</hide>
  </param>
  <sink>
    <name>in</name>
    <type>complex</type>
  </sink>
  <source>
    <name>out</name>
    <type>float</type>
    <vlen>$fft_len</vlen>
    <optional>1</optional>
  </source>
  <source>
    <name>map_out</name>
    <type>message</type>
    <optional>1</optional> 
 </source>
</block>
