<block>
  <name>QT GUI Inspector Sink</name>
  <key>inspector_qtgui_sink_vf</key>
  <category>[Inspector]/GUI</category>
  <import>import inspector</import>
  <import>from PyQt4 import Qt</import>
  <import>from gnuradio import qtgui</import>
  <import>import sip</import>
  <make>#set $win = 'self._%s_win'%$id
inspector.qtgui_inspector_sink_vf($samp_rate, $fft_len, $cfreq, $rf_unit, $msgports, $manual)
self._$(id)_win = sip.wrapinstance(self.$(id).pyqwidget(), Qt.QWidget)
$(gui_hint()($win))</make>
  <callback>set_rf_unit($rf_unit)</callback>
  <callback>set_cfreq($cfreq)</callback>
  <callback>set_samp_rate($samp_rate)</callback>
  <param>
    <name>Samp Rate</name>
    <key>samp_rate</key>
    <type>real</type>
  </param>
  <param>
    <name>FFT len</name>
    <key>fft_len</key>
    <type>int</type>
  </param>
  <param>
    <name>Center freq</name>
    <key>cfreq</key>
    <value>0</value>
    <type>real</type>
  </param>
  <param>
    <name>Rf Unit</name>
    <key>rf_unit</key>
    <value>1000000</value>
    <type>int</type>
    <option>
      <name>Hz</name>
      <key>1</key>
    </option>
    <option>
      <name>kHz</name>
      <key>1000</key>
    </option>
    <option>
      <name>MHz</name>
      <key>1000000</key>
    </option>
    <option>
      <name>GHz</name>
      <key>1000000000</key>
    </option>
  </param>
  <param>
    <name>No. of MSG ports</name>
    <key>msgports</key>
    <value>1</value>
    <type>int</type>
  </param>
  <param>
    <name>Manual selection</name>
    <key>manual</key>
    <value>True</value>
    <type>bool</type>
    <option>
      <name>On</name>
      <key>True</key>
    </option>
    <option>
      <name>Off</name>
      <key>False</key>
    </option>
  </param>
  <param>
    <name>GUI Hint</name>
    <key>gui_hint</key>
    <value></value>
    <type>gui_hint</type>
    <hide>part</hide>
  </param>
  <sink>
    <name>in</name>
    <type>float</type>
    <vlen>$fft_len</vlen>
  </sink>
  <sink>
    <name>map_in</name>
    <type>message</type>
  </sink>
  <sink>
    <name>analysis_in</name>
    <type>message</type>
    <nports>$msgports</nports>
    <optional>1</optional>
  </sink>
  <source>
    <name>map_out</name>
    <type>message</type>
    <optional>1</optional>
  </source>
  <doc>
This GUI uses QT and QWT to create a graphical interface to control the inspector and get feedback about the detected and analyzed signals.

The PSD estimation of the Signal Detector block gets displayed here along with signal markers and informations. Manual signal selection can be done within the GUI created by this block.

Analysis blocks can pass information to the GUI block by providing messages in the tuple format

((pmt::intern("signal"), signal_no), (pmt::intern("description1"), pmt::from_float(value1)), ...)

Controls: Use CTRL+LeftMouse to zoom, RightMouse to zoom out. This prevents confusion when in manual selection mode, where the signals are selected with LeftMouse.

Message ports:
- map in: takes RF map from Signal Detector block and visualizes the included information in the plot
- analysis_in: takes messages of analysis blocks and displays their content in the GUI plot.
- map out: passes either the input message when manual selection is deactivated or passes RF map according to the user's settings.
  </doc>
</block>
