<?xml version="1.0"?>
<block>
	<name>TensorFlow AMC Model</name>
	<key>inspector_tfmodel_vcf</key>
	<category>[Inspector]/AMC</category>
	<import>import inspector</import>
	<make>inspector.tfmodel_vcf($typev.typ,$vlen,$graphfile,$reshape,$signum)</make>

	<param>
		<name>Input Type</name>
		<key>typev</key>
		<type>enum</type>
		<option>
			<name>Message</name>
			<key>message</key>
			<opt>size:1</opt>
			<opt>typ:"message"</opt>
		</option>
		<option>
			<name>Complex</name>
			<key>complex</key>
			<opt>size:gr.sizeof_gr_complex</opt>
			<opt>typ:"complex64"</opt>
		</option>
		<option>
			<name>Float</name>
			<key>float</key>
			<opt>size:gr.sizeof_float</opt>
			<opt>typ:"float32"</opt>
		</option>
		<option>
			<name>Int</name>
			<key>int</key>
			<opt>size:gr.sizeof_int</opt>
			<opt>typ:"int32"</opt>
		</option>
		<option>
			<name>Short</name>
			<key>short</key>
			<opt>size:gr.sizeof_short</opt>
			<opt>typ:"int16"</opt>
		</option>
		<option>
			<name>Byte</name>
			<key>byte</key>
			<opt>size:gr.sizeof_char</opt>
			<opt>typ:"int8"</opt>
		</option>
	</param>
	<param>
		<name>Vec Length</name>
		<key>vlen</key>
		<value>1</value>
		<type>int</type>
	</param>
	<param>
                <name>Graph file</name>
                <key>graphfile</key>
                <value></value>
                <type>file_open</type>
	</param>

	<param>
                <name>Reshape</name>
                <key>reshape</key>
                <value>()</value>
		<type>raw</type>
	</param>

	<param>
		<name>Signal Number</name>
		<key>signum</key>
		<value>0</value>
		<type>int</type>
	</param>

	<sink>
    		<name>in</name>
		<type>$typev</type>
		<vlen>$vlen</vlen>  
		<nports>$num_inputs</nports>
	</sink>

 	<source>
    		<name>classification</name>
 		<type>message</type>
  	</source>
</block>
