<block>
  <name>3D Data Visualisation</name>
  <key>inspector_vis3d_vf</key>
  <category>[Inspector]/AMC</category>
  <import>import inspector</import>
  <import>from PyQt4 import Qt</import>
  <import>from gnuradio import qtgui</import> 
  <import>import sip</import>
  <make>#set $win = 'self._%s_win'%$id
inspector.vis3d_vf($vlen,$width,$height,$gwidth,$gheight,$maxz,$fps,$xaxis,$yaxis,$zaxis)
$(win) = sip.wrapinstance(self.$(id).pyqwidget(), Qt.QWidget) 
$(gui_hint()($win))</make>

  <!--<make>inspector.vis3d_vf($vlen,$width,$height,$gwidth,$gheight,$maxz,$fps,$xaxis,$yaxis,$zaxis)</make>-->
  
  <param>
    <name>Vec Length</name>
    <key>vlen</key>
    <type>int</type>
  </param>

  <param>
    <name>Width</name>
    <key>width</key>
    <type>int</type>
  </param>

  <param>
    <name>Height</name>
    <key>height</key>
    <type>int</type>
  </param>

  <param>
    <name>Graph Width</name>
    <key>gwidth</key>
    <type>int</type>
  </param>

  <param>
    <name>Graph Height</name>
    <key>gheight</key>
    <type>int</type>
  </param>

  <param>
    <name>Max Z</name>
    <key>maxz</key>
    <value>0</value>
    <type>float</type>
  </param>

  <param>
    <name>fps</name>
    <key>fps</key>
    <value>3</value>
    <type>int</type>
  </param>


  <param>
    <name>X axis</name>
    <key>xaxis</key>
    <value>X axis</value>
    <type>string</type>
  </param>

  <param>
    <name>Y axis</name>
    <key>yaxis</key>
    <value>Y axis</value>
    <type>string</type>
  </param>

  <param>
    <name>Z axis</name>
    <key>zaxis</key>
    <value>Z axis</value>
    <type>string</type>
  </param>




  <param>
    <name>GUI Hint</name>
    <key>gui_hint</key>
    <value></value>
    <type>gui_hint</type>
    <hide>part</hide>
  </param>

  <sink>
    <name>in</name>
    <type>float</type>
    <vlen>$vlen</vlen>
  </sink>

</block>
