<?xml version="1.0"?>
<block>
  <name>OFDM Synchronizer</name>
  <key>inspector_ofdm_synchronizer_cc</key>
  <category>[Inspector]/Conditioning</category>
  <import>import inspector</import>
  <make>inspector.ofdm_synchronizer_cc($min_items)</make>
  <param>
    <name>Min input items</name>
    <key>min_items</key>
    <value>4096</value>
    <type>int</type>
  </param>
  <sink>
    <name>in</name>
    <type>complex</type>
  </sink>
  <sink>
    <name>ofdm_in</name>
    <type>message</type>
  </sink>
  <source>
    <name>out</name>
    <type>complex</type>
  </source>
</block>
