<block>
  <name>Signal Separator</name>
  <key>inspector_signal_separator_c</key>
  <category>[Inspector]/Conditioning</category>
  <import>import inspector</import>
  <import>from gnuradio.filter import firdes</import>
  <import>import json</import>
  <make>inspector.signal_separator_c($samp_rate, $window, $trans_width, $oversample, $file, inspector.map_float_vector({float(k):v for k,v in json.load(open($taps_file)).items()})) if $file else inspector.signal_separator_c($samp_rate, $window, $trans_width, $oversample, $file, inspector.map_float_vector({0.0:[0.0]}))
  </make>
  <callback>set_samp_rate($samp_rate)</callback>
  <callback>set_window($window)</callback>
  <callback>set_trans_width($trans_width)</callback>
  <callback>set_oversampling($oversample)</callback>
  <param>
    <name>Samp_rate</name>
    <key>samp_rate</key>
    <type>real</type>
  </param>
  <param>
    <name>Trans. width/cutoff</name>
    <key>trans_width</key>
    <type>real</type>
  </param>
  <param>
    <name>Window</name>
    <key>window</key>
    <value>firdes.WIN_BLACKMAN_hARRIS</value>
    <type>enum</type>
    <option>
      <name>Blackman-harris</name>
      <key>firdes.WIN_BLACKMAN_hARRIS</key>
    </option>
    <option>
      <name>Hamming</name>
      <key>firdes.WIN_HAMMING</key>
    </option>
    <option>
      <name>Hann</name>
      <key>firdes.WIN_HANN</key>
    </option>
    <option>
      <name>Blackman</name>
      <key>firdes.WIN_BLACKMAN</key>
    </option>
    <option>
      <name>Rectangular</name>
      <key>firdes.WIN_RECTANGULAR</key>
    </option>
    <option>
      <name>Kaiser</name>
      <key>firdes.WIN_KAISER</key>
    </option>
    <option>
      <name>Flat-top</name>
      <key>firdes.WIN_FLATTOP</key>
    </option>
  </param>
  <param>
    <name>Oversampling</name>
    <key>oversample</key>
    <type>real</type>
  </param>
  <param>
    <name>Use Taps file</name>
    <key>file</key>
    <value>True</value>
    <type>bool</type>
    <option>
      <name>On</name>
      <key>True</key>
    </option>
    <option>
      <name>Off</name>
      <key>False</key>
    </option>
  </param>
  <param>
    <name>Taps file</name>
    <key>taps_file</key>
    <value></value>
    <type>file_open</type>
    <hide>#if str($file) == 'True' then 'none' else 'all'#</hide>
  </param>
  <sink>
    <name>in</name>
    <type>complex</type>
  </sink>
  <sink>
    <name>map_in</name>
    <type>message</type>
  </sink>
  <source>
    <name>sig_out</name>
    <type>message</type>
  </source>
</block>
