<?xml version="1.0"?>
<block>
  <name>IQ Bal Optimize</name>
  <key>iqbalance_optimize_c</key>
  <category>IQ Balance</category>
  <import>from gnuradio import iqbalance</import>
  <make>iqbalance.optimize_c($period)</make>
  <callback>set_period($period)</callback>
  <param>
    <name>Period</name>
    <key>period</key>
    <type>int</type>
  </param>
  <sink>
    <name>in</name>
    <type>complex</type>
  </sink>
  <source>
    <name>iqbal_corr</name>
    <type>message</type>
    <optional>1</optional>
  </source>
</block>
