<?xml version="1.0"?>
<block>
  <name>IQ Bal Fix</name>
  <key>iqbalance_fix_cc</key>
  <category>IQ Balance</category>
  <import>from gnuradio import iqbalance</import>
  <make>iqbalance.fix_cc($mag, $phase)</make>
  <callback>set_mag($mag)</callback>
  <callback>set_phase($phase)</callback>
  <param>
    <name>Magnitude</name>
    <key>mag</key>
    <type>real</type>
  </param>
  <param>
    <name>Phase</name>
    <key>phase</key>
    <type>real</type>
  </param>
  <sink>
    <name>in</name>
    <type>complex</type>
  </sink>
  <sink>
    <name>iqbal_corr</name>
    <type>message</type>
    <optional>1</optional>
  </sink>
  <source>
    <name>out</name>
    <type>complex</type>
  </source>
</block>
