<?xml version="1.0"?>
<block>
  <name>PCFICH Descrambler Parameterizer</name>
  <key>lte_pcfich_scramble_sequencer_m</key>
  <category>lte</category>
  <import>import lte</import>
  <make>lte.pcfich_scramble_sequencer_m("$id")</make>
  <!-- Make one 'param' node for every Parameter you want settable from the GUI.
       Sub-nodes:
       * name
       * key (makes the value accessible as $keyname, e.g. in the make node)
       * type -->


  <!-- Make one 'sink' node per input. Sub-nodes:
       * name (an identifier for the GUI)
       * type
       * vlen
       * optional (set to 1 for optional inputs) -->
  <sink>
    <name>cell_id</name>
    <type>message</type>
  </sink>

  <!-- Make one 'source' node per output. Sub-nodes:
       * name (an identifier for the GUI)
       * type
       * vlen
       * optional (set to 1 for optional inputs) -->
  <source>
    <name>descr</name>
    <type>message</type>
  </source>
</block>
