<?xml version="1.0"?>
<block>
  <name>PCFICH Demux</name>
  <key>lte_pcfich_demux_vcvc</key>
  <category>lte</category>
  <import>import lte</import>
  <make>lte.pcfich_demux_vcvc($N_rb_dl, $key, $out_key, "cell_id", "$id")</make>
  <!-- Make one 'param' node for every Parameter you want settable from the GUI.
       Sub-nodes:
       * name
       * key (makes the value accessible as $keyname, e.g. in the make node)
       * type -->
  <param>
    <name>resource blocks</name>
    <key>N_rb_dl</key>
    <type>int</type>
  </param>
  
  <param>
    <name>Input key</name>
    <key>key</key>
    <type>string</type>
  </param>
  
  <param>
    <name>Output key</name>
    <key>out_key</key>
    <type>string</type>
  </param>

  <!-- Make one 'sink' node per input. Sub-nodes:
       * name (an identifier for the GUI)
       * type
       * vlen
       * optional (set to 1 for optional inputs) -->
  <sink>
    <name>in</name>
    <type>complex</type>
    <vlen>12 * $N_rb_dl</vlen>
  </sink>

  <!-- Make one 'source' node per output. Sub-nodes:
       * name (an identifier for the GUI)
       * type
       * vlen
       * optional (set to 1 for optional inputs) -->
  <source>
    <name>out</name>
    <type>complex</type>
    <vlen>16</vlen>
  </source>
</block>
