<?xml version="1.0"?>
<block>
  <name>PBCH Descrambler</name>
  <key>lte_pbch_descrambler_vfvf</key>
  <category>lte</category>
  <import>import lte</import>
  <make>lte.pbch_descrambler_vfvf($key)</make>
  <!-- Make one 'param' node for every Parameter you want settable from the GUI.
       Sub-nodes:
       * name
       * key (makes the value accessible as $keyname, e.g. in the make node)
       * type -->
  <param>
    <name>tag key</name>
    <key>key</key>
    <type>string</type>
  </param>

  <!-- Make one 'sink' node per input. Sub-nodes:
       * name (an identifier for the GUI)
       * type
       * vlen
       * optional (set to 1 for optional inputs) -->
  <sink>
    <name>cell_id</name>
    <type>message</type>
  </sink>
  
  <sink>
    <name>in</name>
    <type>float</type>
    <vlen>1920</vlen>
  </sink>

  <!-- Make one 'source' node per output. Sub-nodes:
       * name (an identifier for the GUI)
       * type
       * vlen
       * optional (set to 1 for optional inputs) -->
  <source>
    <name>out</name>
    <type>float</type>
    <vlen>120</vlen>
  </source>
</block>
