<?xml version="1.0"?>
<block>
  <name>MIMO PSS coarse sync</name>
  <key>lte_mimo_pss_coarse_sync</key>
  <category>lte</category>
  <import>import lte</import>
  <make>lte.mimo_pss_coarse_sync($syncl, $rxant)</make>
  <!-- Make one 'param' node for every Parameter you want settable from the GUI.
       Sub-nodes:
       * name
       * key (makes the value accessible as $keyname, e.g. in the make node)
       * type -->

  <param>
    <name>Sync length</name>
    <key>syncl</key>
    <type>int</type>
  </param>

  <param>
    <name>RX antennas</name>
    <key>rxant</key>
    <type>int</type>
  </param>



  <!-- Make one 'sink' node per input. Sub-nodes:
       * name (an identifier for the GUI)
       * type
       * vlen
       * optional (set to 1 for optional inputs) -->
  <sink>
    <name>in</name>
    <type>complex</type>
    <nports>rxant</nports>
  </sink> 

  <!-- Make one 'source' node per output. Sub-nodes:
       * name (an identifier for the GUI)
       * type
       * vlen
       * optional (set to 1 for optional inputs) -->

  <source>
    <name>N_id_2</name>
    <type>message</type>
    <optional>1</optional>
  </source>

  <source>
    <name>coarse_pos</name>
    <type>message</type>
    <optional>1</optional>
  </source>  
  <source>
    <name>control</name>
    <type>message</type>
    <optional>1</optional>
  </source>

</block>
