<?xml version="1.0"?>
<block>
  <name>QPSK soft demod</name>
  <key>lte_qpsk_soft_demod_vcvf</key>
  <category>lte</category>
  <import>import lte</import>
  <make>lte.qpsk_soft_demod_vcvf($vlen, "$id")</make>
  <!-- Make one 'param' node for every Parameter you want settable from the GUI.
       Sub-nodes:
       * name
       * key (makes the value accessible as $keyname, e.g. in the make node)
       * type -->
  <param>
    <name>vector length</name>
    <key>vlen</key>
    <type>int</type>
  </param>

  <!-- Make one 'sink' node per input. Sub-nodes:
       * name (an identifier for the GUI)
       * type
       * vlen
       * optional (set to 1 for optional inputs) -->
  <sink>
    <name>in</name>
    <type>complex</type>
    <vlen>$vlen</vlen>
  </sink>

  <!-- Make one 'source' node per output. Sub-nodes:
       * name (an identifier for the GUI)
       * type
       * vlen
       * optional (set to 1 for optional inputs) -->
  <source>
    <name>out</name>
    <type>float</type>
    <vlen>$vlen*2</vlen>
  </source>
</block>
