<?xml version="1.0"?>
<block>
  <name>Scrambling sequence message</name>
  <key>lte_pbch_scramble_sequencer_m</key>
  <category>lte</category>
  <import>import lte</import>
  <make>lte.pbch_scramble_sequencer_m("$id")</make>


  <!-- Make one 'sink' node per input. Sub-nodes:
       * name (an identifier for the GUI)
       * type
       * vlen
       * optional (set to 1 for optional inputs) -->
  <sink>
    <name>cell_id</name>
    <type>message</type>
  </sink>

  <!-- Make one 'source' node per output. Sub-nodes:
       * name (an identifier for the GUI)
       * type
       * vlen
       * optional (set to 1 for optional inputs) -->
  <source>
    <name>vector</name>
    <type>message</type>
  </source>
</block>
