<?xml version="1.0"?>
<block>
  <name>MIMO remove CP</name>
  <key>lte_mimo_remove_cp</key>
  <category>lte</category>
  <import>import lte</import>
  <make>lte.mimo_remove_cp($fftl, $rxant, $key)</make>
  <!-- Make one 'param' node for every Parameter you want settable from the GUI.
       Sub-nodes:
       * name
       * key (makes the value accessible as $keyname, e.g. in the make node)
       * type -->
  <param>
    <name>FFT length</name>
    <key>fftl</key>
    <type>int</type>
  </param>
  <param>
    <name>RX antennas</name>
    <key>rxant</key>
    <type>int</type>
  </param>
  <param>
    <name>tag key value</name>
    <key>key</key>
    <type>string</type>
  </param>

  <!-- Make one 'sink' node per input. Sub-nodes:
       * name (an identifier for the GUI)
       * type
       * vlen
       * optional (set to 1 for optional inputs) -->
  <sink>
    <name>in</name>
    <type>complex</type>
    <nports>$rxant</nports>
  </sink>

  <!-- Make one 'source' node per output. Sub-nodes:
       * name (an identifier for the GUI)
       * type
       * vlen
       * optional (set to 1 for optional inputs) -->
  <source>
    <name>out</name>	
    <type>complex</type>
    <vlen>$fftl</vlen>
    <nports>$rxant</nports>    
  </source>
</block>
