<?xml version="1.0"?>
<block>
  <name>Check CRC16</name>
  <key>lte_crc_check_vbvb</key>
  <category>lte</category>
  <import>import lte</import>
  <make>lte.crc_check_vbvb($data_len, $final_xor, "$id")</make>
  <!-- Make one 'param' node for every Parameter you want settable from the GUI.
       Sub-nodes:
       * name
       * key (makes the value accessible as $keyname, e.g. in the make node)
       * type -->
  <param>
    <name>payload length</name>
    <key>data_len</key>
    <type>int</type>
  </param>
  
   <param>
    <name>final XOR</name>
    <key>final_xor</key>
    <type>int</type>
  </param>

  <!-- Make one 'sink' node per input. Sub-nodes:
       * name (an identifier for the GUI)
       * type
       * vlen
       * optional (set to 1 for optional inputs) -->
  <sink>
    <name>in</name>
    <type>byte</type>
    <vlen>$data_len+16</vlen>
  </sink>

  <!-- Make one 'source' node per output. Sub-nodes:
       * name (an identifier for the GUI)
       * type
       * vlen
       * optional (set to 1 for optional inputs) -->
  <source>
    <name>data</name>
    <type>byte</type>
    <vlen>$data_len</vlen>
  </source>
  
  <source>
    <name>check</name>
    <type>byte</type>
  </source>
  
</block>
