<?xml version="1.0"?>
<block>
  <name>PSS Symbol Selector</name>
  <key>lte_pss_symbol_selector_cvc</key>
  <category>lte</category>
  <import>import lte</import>
  <make>lte.pss_symbol_selector_cvc($fftl, "$id")</make>
  <!-- Make one 'param' node for every Parameter you want settable from the GUI.
       Sub-nodes:
       * name
       * key (makes the value accessible as $keyname, e.g. in the make node)
       * type -->
  <param>
    <name>FFT length</name>
    <key>fftl</key>
    <type>int</type>
  </param>

  <!-- Make one 'sink' node per input. Sub-nodes:
       * name (an identifier for the GUI)
       * type
       * vlen
       * optional (set to 1 for optional inputs) -->
  <sink>
    <name>in</name>
    <type>complex</type>
  </sink>
  
  <sink>
    <name>lock</name>
    <type>message</type>
  </sink>
  
  <sink>
    <name>half_frame</name>
    <type>message</type>
  </sink>

  <!-- Make one 'source' node per output. Sub-nodes:
       * name (an identifier for the GUI)
       * type
       * vlen
       * optional (set to 1 for optional inputs) -->
  <source>
    <name>out</name>
    <type>complex</type>
    <vlen>$fftl</vlen>
  </source>
</block>
