<?xml version="1.0"?>
<block>
  <name>MIMO PSS freq sync</name>
  <key>lte_mimo_pss_freq_sync</key>
  <category>lte</category>
  <import>import lte</import>
  <make>lte.mimo_pss_freq_sync($fftl,$rxant,self.$(sig()))</make>
  <!-- Make one 'param' node for every Parameter you want settable from the GUI.
       Sub-nodes:
       * name
       * key (makes the value accessible as $keyname, e.g. in the make node)
       * type -->
  <param>
    <name>FFT length</name>
    <key>fftl</key>
    <type>int</type>
  </param>
  <param>
    <name>RX antennas</name>
    <key>rxant</key>
    <type>int</type>
  </param>
  <param>
    <name>Signal Source</name>
    <key>sig</key>
    <type>raw</type>
  </param>
  <!-- Make one 'sink' node per input. Sub-nodes:
       * name (an identifier for the GUI)
       * type
       * vlen
       * optional (set to 1 for optional inputs) -->
  <sink>
    <name>in</name>
    <type>complex</type>
    <nports>$rxant</nports>
  </sink>

  <!-- Make one 'source' node per output. Sub-nodes:
       * name (an identifier for the GUI)
       * type
       * vlen
       * optional (set to 1 for optional inputs) -->
</block>
