<?xml version="1.0"?>
<block>
  <name>Unpack MIB</name>
  <key>lte_mib_unpack_vbm</key>
  <category>lte</category>
  <import>import lte</import>
  <make>lte.mib_unpack_vbm("$id")</make>
  <!-- Make one 'param' node for every Parameter you want settable from the GUI.
       Sub-nodes:
       * name
       * key (makes the value accessible as $keyname, e.g. in the make node)
       * type -->
  <sink>
    <name>mib</name>
    <type>byte</type>
    <vlen>24</vlen>
  </sink>
  
  <sink>
    <name>N_ant</name>
    <type>byte</type>
    <vlen>1</vlen>
  </sink>
  
  <source>
    <name>SFN</name>
    <type>message</type>
    <optional>1</optional>
  </source>
  
  <source>
    <name>N_ant</name>
    <type>message</type>
    <optional>1</optional>
  </source>
  
  <source>
    <name>N_rb_dl</name>
    <type>message</type>
    <optional>1</optional>
  </source>
  
  <source>
    <name>phich_duration</name>
    <type>message</type>
    <optional>1</optional>
  </source>
  
  <source>
    <name>phich_resources</name>
    <type>message</type>
    <optional>1</optional>
  </source>
</block>
