<?xml version="1.0"?>
<block>
  <name>CFI unpack</name>
  <key>lte_pcfich_unpack_vfm</key>
  <category>lte</category>
  <import>import lte</import>
  <make>lte.pcfich_unpack_vfm($key, "CFI", "$id")</make>
  <!-- Make one 'param' node for every Parameter you want settable from the GUI.
       Sub-nodes:
       * name
       * key (makes the value accessible as $keyname, e.g. in the make node)
       * type -->
  <param>
    <name>tag key value</name>
    <key>key</key>
    <type>string</type>
  </param>

  <!-- Make one 'sink' node per input. Sub-nodes:
       * name (an identifier for the GUI)
       * type
       * vlen
       * optional (set to 1 for optional inputs) -->
  <sink>
    <name>in</name>
    <type>float</type>
    <vlen>32</vlen>
  </sink>

  <!-- Make one 'source' node per output. Sub-nodes:
       * name (an identifier for the GUI)
       * type
       * vlen
       * optional (set to 1 for optional inputs) -->
  <source>
    <name>CFI</name>
    <type>message</type>
    <optional>1</optional>
  </source>
  
</block>
