<?xml version="1.0"?>
<block>
  <name>LTE Channel Descrambler</name>
  <key>lte_descrambler_vfvf</key>
  <category>lte</category>
  <import>import lte</import>
  <make>lte.descrambler_vfvf($tag_key, "seqs", $vlen, "$id")
self.$(id).set_descr_seqs($initial_seqs)</make>
  <!-- Make one 'param' node for every Parameter you want settable from the GUI.
       Sub-nodes:
       * name
       * key (makes the value accessible as $keyname, e.g. in the make node)
       * type -->
  <param>
    <name>Tag Key</name>
    <key>tag_key</key>
    <type>string</type>
  </param>
  
  <param>
    <name>vector length</name>
    <key>vlen</key>
    <type>int</type>
  </param>
  
  <param>
    <name>Initial sequences</name>
    <key>initial_seqs</key>
    <type>raw</type>
  </param>

  <!-- Make one 'sink' node per input. Sub-nodes:
       * name (an identifier for the GUI)
       * type
       * vlen
       * optional (set to 1 for optional inputs) -->
  <sink>
    <name>in</name>
    <type>float</type>
    <vlen>$vlen</vlen>
  </sink>
  
  <sink>
    <name>seqs</name>
    <type>message</type>
  </sink>

  <!-- Make one 'source' node per output. Sub-nodes:
       * name (an identifier for the GUI)
       * type
       * vlen
       * optional (set to 1 for optional inputs) -->
  <source>
    <name>out</name>
    <type>float</type>
    <vlen>$vlen</vlen>
  </source>
</block>
