<?xml version="1.0"?>
<block>
  <name>Extract subcarriers</name>
  <key>lte_extract_subcarriers_vcvc</key>
  <category>lte</category>
  <import>import lte</import>
  <make>lte.extract_subcarriers_vcvc($N_rb_dl, $fftl, "$id")</make>


  <param>
    <name>resource blocks</name>
    <key>N_rb_dl</key>
    <type>int</type>
  </param>
  
  <param>
    <name>FFT length</name>
    <key>fftl</key>
    <type>int</type>
  </param>


  <sink>
    <name>in</name>
    <type>complex</type>
    <vlen>$fftl</vlen>
  </sink>


  <source>
    <name>out</name>
    <type>complex</type>
    <vlen>12*$N_rb_dl</vlen>
  </source>
  
</block>
