<?xml version="1.0"?>
<block>
  <name>BCH Viterbi</name>
  <key>lte_bch_viterbi_vfvb</key>
  <category>lte</category>
  <import>import lte</import>
  <make>lte.bch_viterbi_vfvb()</make>
  <!-- Make one 'param' node for every Parameter you want settable from the GUI.
       Sub-nodes:
       * name
       * key (makes the value accessible as $keyname, e.g. in the make node)
       * type -->

  <!-- Make one 'sink' node per input. Sub-nodes:
       * name (an identifier for the GUI)
       * type
       * vlen
       * optional (set to 1 for optional inputs) -->
  <sink>
    <name>in</name>
    <type>float</type>
    <vlen>120</vlen>
  </sink>

  <!-- Make one 'source' node per output. Sub-nodes:
       * name (an identifier for the GUI)
       * type
       * vlen
       * optional (set to 1 for optional inputs) -->
  <source>
    <name>out</name>
    <type>byte</type>
    <vlen>40</vlen>
  </source>
</block>
