<?xml version="1.0"?>
<block>
  <name>MIMO SSS calculator</name>
  <key>lte_mimo_sss_calculator</key>
  <category>lte</category>
  <import>import lte</import>
  <make>lte.mimo_sss_calculator($rxant)</make>
  <!-- Make one 'param' node for every Parameter you want settable from the GUI.
       Sub-nodes:
       * name
       * key (makes the value accessible as $keyname, e.g. in the make node)
       * type -->

  <param>
    <name>RX antennas</name>
    <key>rxant</key>
    <type>int</type>
  </param>

  <!-- Make one 'sink' node per input. Sub-nodes:
       * name (an identifier for the GUI)
       * type
       * vlen
       * optional (set to 1 for optional inputs) -->
  <sink>
    <name>in</name>
    <type>complex</type>
    <vlen>72*$rxant</vlen>
  </sink>

  <sink>
    <name>N_id_2</name>
    <type>message</type>
  </sink>

  <!-- Make one 'source' node per output. Sub-nodes:
       * name (an identifier for the GUI)
       * type
       * vlen
       * optional (set to 1 for optional inputs) -->

  <source>
    <name>frame_start</name>
    <type>message</type>
  </source>  

  <source>
    <name>cell_id</name>
    <type>message</type>
  </source>
  
</block>
