<?xml version="1.0"?>
<block>
  <name>MIMO SSS symbol selector</name>
  <key>lte_mimo_sss_symbol_selector</key>
  <category>lte</category>
  <import>import lte</import>
  <make>lte.mimo_sss_symbol_selector($rxant, $N_rb_dl)</make>
  <!-- Make one 'param' node for every Parameter you want settable from the GUI.
       Sub-nodes:
       * name
       * key (makes the value accessible as $keyname, e.g. in the make node)
       * type -->
  <param>
    <name>RX antennas</name>
    <key>rxant</key>
    <type>int</type>
  </param>

  <param>
    <name>resource blocks</name>
    <key>N_rb_dl</key>
    <type>int</type>
  </param>

  <!-- Make one 'sink' node per input. Sub-nodes:
       * name (an identifier for the GUI)
       * type
       * vlen
       * optional (set to 1 for optional inputs) -->
  <sink>
    <name>in</name>
    <type>complex</type>
    <vlen>$rxant*$N_rb_dl*12</vlen>
  </sink>

  <!-- Make one 'source' node per output. Sub-nodes:
       * name (an identifier for the GUI)
       * type
       * vlen
       * optional (set to 1 for optional inputs) -->
  <source>
    <name>out</name>
    <type>complex</type>
    <vlen>$rxant*72</vlen>
  </source>
</block>
