<?xml version="1.0"?>
<block>
  <name>PBCH Demux</name>
  <key>lte_pbch_demux_vcvc</key>
  <category>lte</category>
  <import>import lte</import>
  <make>lte.pbch_demux_vcvc($N_rb_dl, $rxant, "$id")</make>
  <!-- Make one 'param' node for every Parameter you want settable from the GUI.
       Sub-nodes:
       * name
       * key (makes the value accessible as $keyname, e.g. in the make node)
       * type -->
  <param>
    <name>RX antennas</name>
    <key>rxant</key>
      <value>1</value>
    <type>int</type>
  </param>

  <param>
    <name>resource blocks</name>
    <key>N_rb_dl</key>
    <type>int</type>
  </param>

  <!-- Make one 'sink' node per input. Sub-nodes:
       * name (an identifier for the GUI)
       * type
       * vlen
       * optional (set to 1 for optional inputs) -->
  <sink>
    <name>in</name>
    <type>complex</type>
    <vlen>12 * $N_rb_dl * $rxant</vlen>
  </sink>

  <sink>
    <name>cell_id</name>
    <type>message</type>
    <optional>1</optional>
  </sink>

  <!-- Make one 'source' node per output. Sub-nodes:
       * name (an identifier for the GUI)
       * type
       * vlen
       * optional (set to 1 for optional inputs) -->
  <source>
    <name>out</name>
    <type>complex</type>
    <vlen>240 * $rxant</vlen>
  </source>
</block>
