<?xml version="1.0"?>
<block>
  <name>Pre Decoder</name>
  <key>lte_pre_decoder_vcvc</key>
  <category>lte</category>
  <import>import lte</import>
  <make>lte.pre_decoder_vcvc($rxant, $N_ant, $vlen, $style)</make>
  <!-- Make one 'param' node for every Parameter you want settable from the GUI.
       Sub-nodes:
       * name
       * key (makes the value accessible as $keyname, e.g. in the make node)
       * type -->
  <param>
    <name>antenna ports</name>
    <key>N_ant</key>
    <value>1</value>
    <type>int</type>
  </param>

  <param>
    <name>vector length</name>
    <key>vlen</key>
    <type>int</type>
  </param>
  
  <param>
    <name>RX style</name>
    <key>style</key>
    <type>string</type>
  </param>

  <param>
    <name>RX antennas</name>
    <key>rxant</key>
    <value>1</value>
    <type>int</type>
  </param>

  <!-- Make one 'sink' node per input. Sub-nodes:
       * name (an identifier for the GUI)
       * type
       * vlen
       * optional (set to 1 for optional inputs) -->
  <sink>
    <name>in</name>
    <type>complex</type>
    <vlen>$vlen*$rxant</vlen>
  </sink>
  
  <sink>
    <name>ant_p_est</name>
    <type>complex</type>
    <vlen>$vlen*$rxant</vlen>
    <nports>$N_ant</nports>
  </sink>
   
  <sink>
    <name>N_ant</name>
    <type>message</type>
    <optional>1</optional>
  </sink>  

  <!-- Make one 'source' node per output. Sub-nodes:
       * name (an identifier for the GUI)
       * type
       * vlen
       * optional (set to 1 for optional inputs) -->
 
  <source>
    <name>out</name>
    <type>complex</type>
    <vlen>$vlen</vlen>
  </source>

</block>
