<?xml version="1.0"?>
<block>
  <name>Repeat Message Source</name>
  <key>lte_repeat_message_source_vf</key>
  <category>lte</category>
  <import>import lte</import>
  <make>lte.repeat_message_source_vf($vector_len, "$id")</make>
  <!-- Make one 'param' node for every Parameter you want settable from the GUI.
       Sub-nodes:
       * name
       * key (makes the value accessible as $keyname, e.g. in the make node)
       * type -->
  <param>
    <name>vector length</name>
    <key>vector_len</key>
    <type>int</type>
  </param>

  <!-- Make one 'sink' node per input. Sub-nodes:
       * name (an identifier for the GUI)
       * type
       * vlen
       * optional (set to 1 for optional inputs) -->
  <sink>
    <name>vector</name>
    <type>message</type>
  </sink>

  <!-- Make one 'source' node per output. Sub-nodes:
       * name (an identifier for the GUI)
       * type
       * vlen
       * optional (set to 1 for optional inputs) -->
  <source>
    <name>out</name>
    <type>float</type>
    <vlen>$vector_len</vlen>
  </source>
</block>
