<?xml version="1.0"?>
<block>
  <name>Layer demapper</name>
  <key>lte_layer_demapper_vcvc</key>
  <category>lte</category>
  <import>import lte</import>
  <make>lte.layer_demapper_vcvc($N_ant, $vlen, $style, "$id")</make>
  <!-- Make one 'param' node for every Parameter you want settable from the GUI.
       Sub-nodes:
       * name
       * key (makes the value accessible as $keyname, e.g. in the make node)
       * type -->
  <param>
    <name>antenna ports</name>
    <key>N_ant</key>
    <type>int</type>
  </param>

  <param>
    <name>vector length</name>
    <key>vlen</key>
    <type>int</type>
  </param>
  
  <param>
    <name>RX style</name>
    <key>style</key>
    <type>string</type>
  </param>

  <sink>
    <name>in</name>
    <type>complex</type>
    <vlen>$vlen</vlen>
  </sink>

  <sink>
    <name>N_ant</name>
    <type>message</type>
    <optional>1</optional>
  </sink>

  <source>
    <name>out</name>
    <type>complex</type>
    <vlen>$vlen</vlen>
  </source>
</block>
